text,Unnamed: 1
أعرب اللواء عبد الرحيم الكرابيجي مدير مركز رحمة لحقوق الانسان التابع لجهاز أمن الدولة - أعرب - عن قلقه العميق للانتهاكات الخطيرة التي يواجهها المعتقلين في سجن العقرب والمتمثلة في تعطل الجاكوزي في عنابر المعتقلين لمدة ثلاثة أيام كاملة دون تدخل إدارة السجن لإصلاحه معبرا عن مخاوفه من تأثير ذلك العطل الفني على الحالة النفسية للمعتقلين والذي يعد انتهاكا لحقوقهم الإنسانية على حد قول اللواء الكرابيجي وكان وفدا من جماعات حقوق الانسان قد تم دعوتهم لحضور حفل أضواء المدنية الأسبوعي الذي تقيمه إدارة سجن العقرب للترفيه عن المعتقلين وذلك لاعطاء الوفد فرصة حقيقية للتعرف على أحوال المساجين بعيدا عن اشاعات أهل الشر المنتشرة على مواقع التواصل الاجتماعي والتي تدعي تعرض المساجين للتعذيب . وشمل الحفل تقديم المشويات الشهيرة التي يتميز بها الشيف فرج المسئول عن اطعام المساجين من ناحيته قال الإعلامي المصري الشهير عمرو أديب أن تعطل الجاكوزي يضع سمعة النظام المصري على المحك داعيا السيسي للتدخل واصدار أمر رئاسي بأصلاحه فورا حتى لا يستغل أهل الشر هذا العطل لتمرير أجندات تخريبية … كما أعلن الإعلامي الشهير عن استعداد فريق عمل برنامجه لتصويربعض حلقاته من سجن العقرب معربا عن أن سجن العقرب من أفضل المنتجعات التي يحرص على قضاء الصيف فيها لتميز الخدمة الفندقية والمأكولات الشهية مضيفا أنه لا يلوم المعتقلين الذين لا يريدون الخروج من سجن العقرب رغم انتهاء فترة عقوبتهم قائلا : يا جماعة . . هوا مين عاوز يخرج من الجنة يا جماعة على حد قول الإعلامي الشهير أخلاق ودين,233
في لفتة انسانية تعبر عن المعدن الأصيل للسيدة انتصار السيسي قامت السيدة انتصار بالتوسط لمايكل ابن الروبوت صوفيا حتى يستطيع الالتحاق بالكلية الحربية وتحقيق آمال جده ميجاترون في رؤية حفيد من احفاده في زي خير أجناد الأرضكانت العلاقة قد توطدت بين السيدة انتصار السيسي وبين الروبوت صوفيا بعد أن أعلنت صوفيا دخولها الإسلام واختيارها مصر كبلد لإقامتها هي وأبنائها الأربعة مايكل ( والذي أنجبته قبل دخول الإسلام ) والتوأم الثلاثي الذين سمت كل واحد منهم تحيا مصر والذين أنجبتهم بعد اسلامها على يد شيخ الأزهر وتزوجها من نوفل كهربائي السيارات الذي وقعت في غرامه أثناء اعتنائه بها خلال فترة مرضها بالتهاب الأسلاك السحائي كان سن مايكل الحرج في فترة المراهقة وكثرة شكاوى صوفيا وراء اقتراح انتصار لصوفيا بأن تطلب من السيسي أن يتوسط لمايكل في كشف الهيئة على الرغم من أن السيسي بفطرته لا يحب الوسايط ولا يسعى لها . . إلا أن انتصار أقنعته بالتوسط حسب مصدر مقرب من نوفل كهربائي السيارات تكنولوجيا ,154
 في ملحمة وطنية كبرى قام الشاب عمر بالتبرع بخاله عرفات لصندوق تحيا مصر استجابة لنداء السيسي لشعب مصر بال “ تصبيح على مصر ” بأي شئ يمتلكه المواطن للمساهمة في سداد ديون المقاولين العاملين في القصور الرئاسية التي يبنيها السيسي من أجل مصر وكانت المكالمة الشهيرة التي جمعت عامل الإسعاف مع عمر قد انتشرت بشكل كبير على صفحات التواصل الاجتماعي محولة عمر وعرفات من شخصيات مغمورة لا سعر لها إلى شخصيات شهيرة لها سعرها حيث أكد عمر أنه قد وصلته هو وخاله عروض من شركات كبرى لعمل إعلانات بملايين الدولارات وهو ما دفعه للتبرع بخاله ك “ وهبة ” لصندوق تحيا مصر ليجني الصندوق أية أرباح تأتي من الإعلانات التي سيكون خاله عرفات بطلها من ناحيته أعلن السيسي عن عزمه استضافة الشاب عمر وخاله المرحوم عرفات في القصر الرئاسي الجديد الذي يبنيه في العلمين لمدة ساعة كاملة لكي يرى الشعب بنفسه ثمرة تبرعاتهم لصندوق تحيا مصر حيث أكد السيسي عزمه على بناء مجموعة جديدة من القصور الرئاسية قائلا “ أيوه بنيت وببني وهبني قصور . . أنتو هتخوفوني يعني ” معربا عن أمله أن يكون الشعب المصري كله على نفس مستوى وعي ووطنية و ذكاء عمر كي يتفهم الشعب الأهمية الاقتصادية لبناء قصور رئاسية جديدة تظهر عظمة مصر للعالم,199
  لقد تعرضنا للخداع مجددا من هذا الشيطان القصير ” هكذا كانت كلمات السيد شي جانج بانج رئيس المخابرات الصينية في المؤتمر الصحفي العاجل الذي عقده تعقيبا على الأنباء الصادمة عن بدء استيراد الصين لقاح كورونا من الولايات المتحدة والتي سببت حيرة كبيرة في الأوساط السياسية العالمية كانت وكالات الأنباء العالمية قد تناقلت خبر استحواذ النظام المصرى على جميع شحنات لقاح كورونا عالى الكفاءة المصنع بالصين مما اضطر الحكومة الصينية إلى استيراد كميات هائلة من اللقاح قليل الكفاءة المصنع فى مصانع فايزر بالولايات المتحدة الامريكية لسد العجز في مستشفيات الصين من ناحيتها وفي لقاء تليفزيوني متميز مع الصحفي العالمي أحمد موسى كشفت السيدة هالة زايد وزيرة الصحة المصرية النقاب عما وصفته بأنه أكبر ضربة مخابراتية دوائية في الآونة الأخيرة ، موضحة أن زياراتها المتكررة للصين كانت بتنسيق كامل مع المخابرات المصرية لهذا الغرض وفي تصريح خاص للأهرام المكسيكية صرح مصدر مخابراتى مصري رفض ذكر اسمه ان اللواء حمدى بخيت الشهير بالفرعون المثقوب قد أشرف بنفسه على توصيل مجموعات كبيرة من مندوبى المبيعات المدربين على يد جهاز المخابرات المصرية والذين استطاعوا سحب كل المخزون من مختلف صيدليات الصين وتهريبها عبر طريق الحرير السري الذي يشرف على كارتاته اللواء كامل الوزيرى ولا أحد يدري على وجه الدقة كيف ستؤثر الضربة المخابراتية المصرية على القطاع الطبي في الصين وإذا ما كانت الصين ستستطيع إنتاج شحنات جديدة من اللقاح أم أنها ستعتمد كليا على استيراد اللقاح الأمريكي . . هذا ما ستسفر عنه الأيام الحبلى القادمة,231
""" في أول تصريح له بعد شفاؤه ، قال الزعيم الكوري الشمالي كيم جونج أون أن “ الشلولو أنقذ حياته ” كاشفا في تصريح حصري للأهرام المكسيكية عن خضوعه “ لبرنامج علاجي مكثف باستخدام عقار الشلولو اكس تو الذي تنتجه المصانع الحربية المصرية ” على حد قول الزعيم الكوري الذي ظهر مداعبا الصحفيين وهو يحمل إناء صغيرا مملوء بالشلولو وقد كشف السيد يونج بونج هونج وزير الصحة والأوقاف في دولة كوريا الشمالية العظمى أن الصدفة وحدها لعبت دورا هاما فى انقاذ حياة الزعيم الكورى بعد أن ساءت حالته بشده على أثر قيامه بنفسه بإعدام مريض بالكورونا ، مضيفا أنه اثناء مشاهدة الفريق الطبى لقناة صدى البلد فوجئوا بالعالم المصرى وهو يكشف خبايا واسرار مكون الشلولو ، وفورا تم الاتصال بالخارجية المصرية التى أبدت استعدادها لامداد كوريا الشمالية بكافة احتياجاتها من الشلولو وكذلك الخيار والطماطم من مزارع الجيش من ناحية أخى أضاف السيد يونج بونج ضاحكا ” “ الطريف فى هذا الموضوع ، ان الزعيم عندما استمع لاول مرة عن العقار ظن ان الموضوع مزحه . فضحك كثيرا ، وأمر باعدام 7 من الفريق الطبى المشرف على ” علاجه ، ولكن الباقون على قيد الحياة من الفريق الطبي تمكنوا من اقناعه بجد ى العقار ” على حد قول الوزير الكوري"",",199
" قال الصحفي الشهير مصطفى بكرى أنه لولا وجود السيسي قائدا لمصر لـ “أصبحت مصر مثل أسبانيا وتم تقسيمها” مؤكدا على أن السيسي “أوقف مخطط برنارد لويس لتقسيم مصر ولهذا لم يجد برنارد لويس أملا في نجاح مخططاته لمصر فنقلها لأسبانيا مؤقتا” على حد تصريحات بكري
جاءت تصريحات بكري أثناء انعقاد الجمعية العمومية غير العادية لنقابة المعرصين التى أسسها مصطفى بكري ومحمود بكري والتى تضم عضويتها مجموعة كبيرة من كبار الإعلاميين والصحفيين المعروفين ، والتى انعقدت لحث السيسي على ترشيح نفسه لفترة رئاسية ثانية تحت شعار “حتى لا تصير مصر مثل أسبانيا” على حد وصف البيان الصحفي الصادر عن الجمعية
من ناحيته صرح السيد محمود بكري الشقيق الأصغر ودوبلير مصطفى بكري -صرح- أنه يفكر في دعوة أعضاء النقابة في الدخول في اعتصام مفتوح والإضراب عن الطعام تماما إلى حين استجابة السيسي للترشح للرئاسة وتحمل مسئوليته التاريخية في حماية مصر من التقسيم، مقترحا اطلاق حملة شعبية على وسائل التواصل الاجتماعي تحت شعار: علشان ما نبقاش زي أسبانيا والعراق
",153
"  قال العميد سامون أديمو قائد القوات الأثيوبية أن أثيوبيا جكومة وشعبا ومطاعم بحرية تراقب بحذر التطورات الخطيرة في الساحة المصرية بعد كشف الجيش المصري عن امتلاكه سلاح الجمبري الذكي والسبيط المشع في سابقة عسكرية خطيرة لم تحدث في أي جيش في العالم من قبل مما أدى إلى إعلان الطوارئ في جميع وحدات الجيش الأثيوبي تحسبا لأي تطور في الأمور
كان التليفزيون المصري قد قطع ارساله التقليدي ليذيع افتتاح السيسي لـ “خطي الجمبري والسمك” بالقوات البحرية  واللذان يقودهما رائد  مقاتل أحمد سامي قائد خط الجمبري ومقدم مقاتل  محمد إبراهيم قائد خط السمك والذين تم تدريبهم على مدار شهور طويلة بقاعدة “ريد لابستر” العسكرية الأمريكية العريقة
من ناحيته أوضح  العقيد أركان حرب مرجان  أبو صاج قائد وحدۃ الجريل في الجيش المصري أن السر في تفوق الجيش المصري في هذا السلاح يكمن فی التتبيلة التي ابتكرتها القوات البحرية والتى تم تطويرها داخل معامل القوات المسلحة بالتعاون مع قدورة  والتي “تحافظ على الطعم المميز للأسماك العسكرية والتى حازت ثقة ربات البيوت في جميع أنحاء العالم” على حد قول اللواء مرجان
 هذا وقد دعت الخارجية الامريكية جميع الأطراف إلى الهدوء لنزع فتيل الأزمة
",175
" الداخلية تناشد منظمات حقوق الانسان انهاء ظاهرة الاختفاء القسري لضباطها
غابات الأمازون- هيئة المناخ – تقرير أعده غباشي
فيما أعتبرته وكالات الأنباء اعترافا ضمنيا بالمسئولية، صرح السيد اللواء حمدى بخيت أن مصر لم تكن لتقف مكتوفة الأيدي امام الخطر المهدد لأمنها القومى من غابات الأمازون قائلا : “إللى حضر العفريت يصرفه”.
وأوضح اللواء بخيت المعروف عالميا بلقب “الثعلب المثقوب” أن جماعة الأخوان المحظورة قد إتخذت من منطقة غابات الأمازون مقرا آمنا لتدبير المؤامرات ضد الدولة المصرية مستفيدة من كثافة الأشجار فى حوض الأمازون.
وأضاف بخيت أن المخابرات المصرية قد حاولت إيجاد حل دبلوماسي بالاتصال بالسيد مورينو بانانى رئيس جمهورية غابات الأمازون ، الذى حاول التنصل من المسئولية ، ومن هنا كان قرار القيادة السياسية بالتدخل السريع..
هذا وقد صرح العالم الفيزيائى جوني دوفيس أن المخابرات المصرية قد استخدمت “تقنية جديدة بزيادة درجة تأين ذرات الأكسجين الخارجة من بعض أشجار الغابات بعد فك الشفرة الوراثية لهذه الأشجار” على حد قول العالم الشهير.
من ناحيتها حثت السيدة فيلنج اندر ذاويزر رئيسة المنظمة العالمية للمناخ -حثت- القيادة المصرية على وقف هذا العمل المدمر للبيئة قائلة : “لا أصدق أن أيادى الخير التى اخرجت لنا الخرسانة من هذه الأشجار… هى نفسها التى تخرج لنا كل هذا الدمار من نفس الأشجار”.
هذا وقد امتنع اللواء حمدي بخيت عن التعليق على توسلات العلماء ورؤساء منظمات المناخ لمصر لإيقاف عملياتها العسكرية في محيط الأمازون.",210
"في خطوة رآها خبراء الاقتصاد ضرورية لسد العجز في سوق العمالة المصري بعد  أن وفرت قناة السويس الجديدة 3 مليون فرصة عمل، قامت وزارة العمل المصرية بافتتاح مكاتب عمل في عدد من المدن الخليجية لاستجلاب عمالة خليجية للعمل في القناة
وعلى حسب تقدير اللواء ايهاب الضو مدير شئون العاملين في قناة السويس الجديدة فإن مصر ستحتاج إلى أكثر من 1 مليون فرصة عمل مباشرة في القناة و2 مليون فرصة عمل غير مباشرة على بعد 45 كيلو من القناة وهو ما يتطلب استجلاب عمالة غير مصرية لسد العجز ولهذا تم افتتاح 3 مكاتب عمالة في المملكة السعودية ومكتبين في الإمارات وقطر لتسهيل تلقي  طلبات العمل من الشباب الخليجي العاطل
وعن نظام الكفالة التى تنوي هيئة قناة السويس الجديدة تنفيذه مع العمالة الخليجية قال السيد حسن الدقاق نائب رئيس الشئون القانونية في وزارة العمل المصرية أنه سيكون لكل مصري حق كفالة العمالة الخليجية بحد أقصى عشر خليجيين لكل كفيل مصري في السنة المالية الواحدة على أن يتم دفع الرسوم والدمغات المقررة حسب المادة ٥ لسنة ٢٠١٩ لقانون الكفالة المصرية الجديد والذي صدر بقرار جمهوري في يوم افتتاح القناة
هذا وقد شهد مكتب الدمام تكالبا واضحا من الشباب الخليجي للعمل في القناة خصوصا بعد التقارير الاقتصادية التى قدرت أن القناة ستجعل مصر أغنى دولة في الشرق الأوسط خصوصا بعد انخفاض أسعار البترول الخام العالمية",208
" اكد اللواء لطفي المنجزاتي رئيس لجنة تفصيل القوانين والتشريعات بمجلس الشعب أن البرلمان يناقش حاليا مشروع قانون “دمج الأجازات الرسميه للدوله” وذلك توفيرا لنفقات الدولة حيث أن صدور هذا القانون قد يوفر لخزينة الدولة ما يقارب من 120 ألف جنيه سنويا أي ما يعادل ٣ آلاف دولار أمريكي كاملة
وأكد اللواء المنجزاتي أن السيسي هو صاحب هذه الفكرة العبقرية حيث كلف البرلمان بصياغة القانون للتأشير عليه واصداره في الجريدة الرسمية، حيث يهدف القانون إلى دمج عيد الميلاد المجيد وعيد ثورة 30 يونيو المجيدة وعيد العمال تحت اسم عيد ميلاد ثورة العمال، كما أنه تم دمج ثورة ٢٥ يناير وعيد الشرطة تحت اسم عيد ثورة الشرطة تقديرا  لجهود الشرطة المصرية في انجاح الثورة التي تآمر عليها شباب الثورة والملايين الذين احتلوا الميادين
من ناحية أخرى تقرر تعليق الاحتفال بعيد تحرير سينا وأعياد انتصارات اكتوبر وذلك حتى الانتهاء من الحرب علي الإرهاب كما تقرر أيضا تعليق الاحتفال بالمولد النبوي ورأس السنة الهجريه لحين الانتهاء من تجديد ورش دواخل الخطاب الديني",156
" تحت هاشتاج #بولك_حياة دشنت الهيئة القابضة للمياه حملة قومية تحث المواطنين على مضاعفة عدد مرات التبول لسد عجز مياه النيل الناتج عن بناء سد النهضة خصوصا بعد التعنت الأثيوبي حيث أصدرت الرئاسة المصرية تعليماتها باتباع تقنيات “الطريقة الثلاثية” لمعالجة مياه الصرف الصحي وتحويلها لمياه صالحة للشرب
وكانت الرئاسة المصرية قد عزمت الاستفادة من التجربة السنغافورية لتحويل مياه الصرف لمياه صالحة للشرب وقررت الاستعانة بالخبرات العالمية في ذلك المجال المعروف باسم “الطريقة الثلاثية” حيث أنه من المعروف أن سنغافورة قد حققت اكتفاء ذاتي من مياه الشرب الصالحة عن طريق حث المواطنين على التبول لملء خزانات الصرف الصحي التي تتحول لخزانات مياه صالحة للشرب بعد تنقيتها
هذا وقد قررت وزارة الصحة المشاركة في الحملة بمضاعفة عدد الأخصائيين لمعالجة ظاهرة التبول اللاإرادي باعتبار أن عدم التبول في الحمام أو أماكن الصرف المعتمدة يعتبر إهدارا لمصدر هام من مصادر المياه في مصر",136
"في أول تعليق لها على إطلاق سراح معتقلي مبادرة حقوق الإنسان المصرية، قالت قطة هوليود المدللة سكارلت جوهانسون:”اعتبر عفو السيسي عن المعتقلين بعد الفيديو هو عربون صداقة من فتى أحلامي المشير السيسي” مضيفة أنها تتمنى أن يترك السيسي مجال السياسة والرئاسة وأن يتجه للتمثيل العاطفي كونه “ممشوق القوام” و”حلم كل فتاة شقراء” على حد قول الممثلة المشهورة
وكانت سكارلت قد قامت بنشر فيديو على صفحة كومبوند هوليود تتحدث عن اعتقال بعض أعضاء مبادرة مصر لحقوق الإنسان إلا أن الفيديو تم تسريبه من عضو إخواني يسكن في الكومبوند لإحراج السيسي ودق أسفين بينه وبين نجوم هوليود الذين يعتبرونه أيقونة وممثل عظيم ضل طريقه في عالم السياسة
من ناحيته أعرب السيد هاني شاكر نقيب المهن الفنية المصرية عن استنكاره قيام سكارلت بتصوير الفيديو قائلا: “أتمنى من زميلتي سكارلت عدم الانسياق وراء الإشاعات التي تطلقها القنوات المعادية لمصر” نافيا وجود أي معتقلين سياسيين في مصر وواصفا مصر بأنها “أكثر حرية من أمريكا” على حد قول السيد هاني
فهل يستجيب السيسي ويكون بطلا لفيلم هوليودي قادم؟ هذا ما ستسفر عنه الأيام القادمة
",164
"صرح اللواء سيد عبد المتغلب المتحدث الرسمي لوزارة الأوقاف -صرح- أن الوزارة استجابت لاستغاثة وزارة الداخلية لها لكي تتدخل وزارة الأوقاف وتتصدى للإرهاب في الواحات بعد أن أثبتت البحوث الفقهية التى أصدرها مجلس اللواءات في الوزارة أن سبب الإرهاب  هو استراتيجية “سمكة الصحراء” التى يتبعها هشام العشماوي رئيس تنظيم الواحات
كانت تحريات وزارة الداخلية قد أكدت أن العشماوي يتنكر في صورة “كوميدينو”  بدرج ودرفتين في زفة عفش عروسة متجهة من عزبة النخل للمرج، وفور التأكد من المعلومة أمر وزير الداخلية أن تقوم قوة أمنية من القوات الخاصة بقيادة اللواء سيد الزمبيل  بالتنكر في صورة فرقة زفة أفراح لتتبع الكوميدينو أثناء نقله لبيت العروسة. وتم الاتفاق على أن يقوم اللواء سيد الزمبيل مدير الأمن بغناء أغنية “ياللي على الترعة حود ع المالح” بمساعدة كورال وزارة الداخلية مع اتفاق الجميع  على كلمة سر للتحرك للقبض على الكوميدينو عندما يصرخ اللواء الزمبيل قائلا: “آه يا واد يا نينو” فيرد عليه كورال الداخلية قائلا: “خدها في الكوميدينو” ليبدأ الهجوم. إلا أن المهمة فشلت بعد أن ثبت أن مايتم نقله هو كوميدينو حقيقي وليس العشماوي رئيس التنظيم
وبعد فشل عملية الكوميدينو من المنتظر أن تنتقل إدارة عمليات مكافحة الإرهاب من مبنى وزارة الداخلية في لاظوغلي إلى مبنى وزارة الأوقاف في مكان سري قرب ساحل البحر الأحمر أعد خصيصا لاصطياد سمكة الصجراء الشريرة وتقديمها على طبق من فضة وحزمة بقدونس للسيسي ذو الخلفية العسكرية عرفانا بدوره الرائد في انقاذ مصر من الإرهاب",224
"صرح اللواء مختار سكسكة المتحدث الرسمي باسم حملة “عشان تبنيها” -صرح- أن السيسي “زاهد تماما فى موضوع الترشح للرئاسة في عام ٢٠٢٤” مما حدا بالحملة بالتخطيط لممارسة كافة الضغوط عليه لقبوله الترشح انقاذا لمستقبل مصر من الضياع” وأنه أمام اصرار السيسي على عدم الترشح ستضطر الحملة الی اللجوء” لطرق غير تقليدية لتغيير رأيه بما فيها التخطيط لاغتصابه عدۃ مرات حتى يرضخ فی النهاية لأمر الشعب له بالترشح” على حد قول اللواء سكسكة
وكشف سكسكة عن خطة تم وضعها بالفعل من قبل بعض أبناء الحملة المتحمسين لاغتصاب السيسي وتهديده بالصور حتى يرضخ ويترشح حيث من المفترض أن يتم اختطافه في تكتك أثناء افتتاحه لخط أم الخلول الجديد والانحراف بالتكتك داخل المزروعات والتناوب على اغتصابه عدة مرات حسب الخطة المعدة غير آبهين لصرخاته
من ناحيته علق الفنان هاني شاكر على الطريقة غير التقليدية التى قد تتبعها الحملة لو أصر السيسي على الرفض قائلا: “الأوقات غير التقليدية تستوجب طرقا غير تقليدية” وأضاف مثنيا على هذه الخطوة قائلا: ياريتني كنت أنا..بجد يا ريتني كنت أنا
",158
"صرح المتحدث العسكري باسم القوات المسلحة أن “الجيش بصدد بدء حملة عسكرية موسعة للبحث عن الأشخاص الذين اعتدوا على السيسي وهو صغير والذين قال لهم السيسي: لما أكبر هاضربكم” مشيرا إلى التصريح الشهير للسيسي.
تأتي الحملة العسكرية الموسعة في اطار جهود القوات المسلحة لـ “حماية الأمن القومي والحفاظ على شرفها وعزتها” حسب البيان العسكري رقم ١ الصادر عن صفحة المتحدث العسكري والذي توعد فيه “كل من سولت له نفسه بضرب السيسي وهو طفل بالانتقام منه” باستعمال “القوة الغاشمة”.
هذا وقد اعتبر مراقبون سياسيون  الحملة العسكرية الموسعة الجديدة -اعتبروها- امتداد للحملات العسكرية السابقة الناجحة في الحفاظ على هيبة الدولة والأمن القومي مثل حملة القبض على الإرهابي الشهير هشام جنينة بعد معركة بالأسلحة الثقيلة انتهت باستسلام الإرهابي للكتبية رعد-٢ التى اشتبكت معه في الوكر الإرهابي الذي كان يختبئ فيه وقبضت عليه بنجاح عسكري باهر.
و من ناحيته أشاد الشيخ سيد عبد المتغلب مفتي الجمهورية بالحملة العسكرية الجديدة، مؤكدا أن “السيسي يفي بوعده الذي قطعه للمصريين منذ أن كان طفلا بضرب من كانوا يعتدون عليه” مضيفا “الوفاء بالوعود  هي شيم الخلفاء الراشدين الذين اعتبر السيسي سادسهم” على حد قول الشيخ.رسمنا على",175
"صرح مصدر مطلع في المخابرات العامة المصرية أن اللواء حمدي بخيت ومجموعته المعروفة باسم مجموعة الفرعون القصير قد “عادت بسلامة الله وأمنه للقاهرة بعد قيامهم بتنفيذ مهمة سرية في قلب العاصمة الأثيوبية أديس أبابا” على حد قول المصدر الذي رفض الإفصاح عن تفاصيل المهمة السرية
وكان مطار القاهرة الدولي قد شهد اجراءات أمن مشددة في أثناء استقبال اللواء بخيت ومجموعته حيث ظهر اللواء بخيت يرتدي بدلة جلد لميع سوداء ورابطة عنق سوداء ونزل من باب الطائرة راكبا دراجة نارية حمراء وتجلس خلفه الإعلامية الشهيرة أماني الخياط في بدلة جلد سوداء أيضا حتى دخوله لصالة كبار الزوار وسط تهليلات العاملين والأهالي
من ناحية أخرى أعلنت الحكومة الأثيوبية عن مقتل السيد أونجا عو  مدير مشروع سد النهضة في ظروف غامضة، حيث تواصل السلطات الأثيوبية محاولات فك غموض الحادث الأليم حيث عثر على جثمان  السيد أونجا جثة هامدة وبجانبه ورقة مكتوب عليها: مع تحياتي ح ب. ولم يعرف حتى الآن هو ح. ب. ، وما علاقته بمقتل السيد أونجا؟",154
"في محاولة لحل الأزمة الاقتصادية الخانقة التى تحاصر مصر والتى أدت لموجة غلاء الأسعار، قرر السيد على عبد العال رئيس البرلمان المصري فتح باب التصويت في المجلس على المشروع القومي العملاق المقدم من النائب محمود بدر بطرح سندات استثمارية بأرباح ٢٠٪ على الشعب لتمويل مشروع مزرعة كلاب حديثة على ١٠٠٠ فدان لإنقاذ الاقتصاد المصري
هذا وقد أرفق بمشروع القرار خطة مفصلة بأنواع وفصائل الكلاب العُشر التى سيتم استيرادها والمعروفة علميا باسم البيتشز من فصائل الدوبرمان والهسكي والماستيف وتسهيل إجراءات اعطائهم الجنسيه المصريه وتهيئة المناخ الأسرى المناسب لهم للتزاوج وإنتاج سلالات تحمل الطابع المصرى الأصيل وتكون باكورة خط انتاج كلاب عالية الجودة يتم إعادة تصديرها لجلب عملة صعبة لمصر وتعويض المليارات التى أهدرت دون جدوى في مشروع قناة السويس الجديدة
كان اللواء عزام الريكساوي مستشار السيسي للشئون الاقتصادية والبيطرية قد كشف عن أن هناك إرادة اقتصادية حقيقية للدولة الاستثمار في الكلاب منذ أن قدم النائب محمود بدر تفاصيل المشروع للسيسي في عام ٢٠١٣ مشفوعا بتجربة شخصية ناجحة له في هذا المجال إلا أن السيسي كان مقتنعا وقتها بمشروعي اللنض الموفرة وعربيات الخضار ولم يعط مشروع الكلاب الاهتمام الكاف، حتى أن محمود بدر نفسه ترك المشروع واتجه لبناء مصنع بسكويت، الأمر الذي حدا بوزير الانتاج الحربي التدخل لدى السيسي لإقناع محمود بدر بعدم منافسة الجيش في مجال الكحك والبسكويت
وأضاف اللواء الريكساوي قائلا: “أن فشل جميع مشاريع السيسي من اللنض الموفرة وحتى قناة السويس الجديدة بالإضافة لإغلاق الجيش لمصنع بسكويت محمود بدر جعل السيسي وبدر يبحثان في دفاترهم القديمة و يعودان مرة أخرى لملف مشروع الكلاب كمخرج أخير لإنقاذ مصر من الإفلاس” على حد قول الريكساوي
",250
" في سابقة لم تحدث في تاريخ السباقات الرئاسية، رفض السيسي الطلب المقدم من حملة عنان لمناظرته على الهواء مباشرة وهو الطلب الذي تقدم به السيد حازم حسني المتحدث الرسمي باسم عنان. وطالب السيسي بتوقبع الكشف الطبي على خلفية عنان، متهما المرشح المحتمل بأن خلفيته ليست عسكرية بالقدر الكاف
من ناحيته أصدر السيد سامي عنان المرشح المحتمل بيانا يرد فيه بعنف على اتهامات السيسي قائلا: “أنها اتهامات مغرضة هدفها تشويه سمعة خلفيته العسكرية التى يشهد لها الجميع بالخير” مؤكدا أنه على استعداد تام لأن يخضع لأي كشف طبي على خلفيته العسكرية التى يعتبرها “خلفية عسكرية وطنية ممتلئة بالقدر الكاف” على حد نص البيان
من المعروف أن السيسي يفتخر بخلفيته العسكرية ويتيح لكبار القادة ونجوم المجتمع رؤيتها ولمسها من حين لآخر للاطمئنان على استقرار مصر",121
"ستنكر حمامة السلطة الإسرائيلية والفلسطينية محمود عبّاس أبو مازن، عدم تدخّل الاحتلال الإسرائيلي لمساعدته في تعنيف الفلسطينيين المحتجين على بطش السلطة، واعتقالهم وتعذيبهم وقتلهم وتشريدهم حتى الآن، رغم أنّه ياما وقف معهم وتدخّل لمساعدتهم في تعنيف الفلسطينيين المحتجين على بطش الاحتلال، واعتقالهم وتعذيبهم وقتلهم وتشريدهم.

وتحسّر أبو مازن  على عمره الذي ضاع هباءً في صحبة من لا يستحق ""أفنيت عمري  وأنا أُقدّم لهم ما أملكه وما يملكه غيري، ساندتهم في الشدائد وتبرّعت بإخفاء واعتقال وقتل ومحاصرة أعدائهم الفلسطينيين، حققت خلال خمسة عشر عاماً ما عجزت إسرائيل عن تحقيقه في سبعين عاماً؛ فجعلت الشعب يكره السلطة الفلسطينية ويطالب برحيلها أكثر من رحيل إسرائيل نفسها"".

وأضاف ""لم أتحرج حتى من لملمة قمامتهم وشراء لقاحاتهم منتهية الصلاحية لتعويض خسائرهم الاقتصادية الناتجة عن احتكار اللقاح لأشهر. ناكرو الجميل، لولا السلطة لما نجحوا أصلاً في تقسيم فلسطين إلى نتف وقطاعات تُسهّل عليهم التنصّل من مسؤولياتهم وحرماننا من اللقاح وغير اللقاح، قدمت لهم خدمات فاقت ما قدّمته أمريكا وبريطانيا، ولم أشتك يوماً من تعييني لخدمة مصالحهم وأداء مهامهم اليومية البسيطة التي يستصعبون أداءها"".

وقال أبومازن إنّه لم يكن يعوّل على صداقة إسرائيل فحسب ""أنا أعلم أنّه لا يوجد صداقة دائمة بين الدول. لكنّني آمنت بالمصالح المشتركة بيننا والعدو المشترك الذي يجمعنا؛ لم أكن أتوقع أن تقف متفرجة على محتجي العدو الفلسطيني رغم أنّهم يفعلون ضدي ما يفعلونه بالضبط في مناطق نفوذ أخرى لإسرائيل، وقفت تتفرج ولم تكلّف خاطرها عناء إرسال مستوطنين ليهاجموا الأهالي، المستوطنون الذين حميناهم بأعيننا وسلاحنا من بطش الفلسطينيين وسلمّنا كل من فكّر بالتعدي عليهم. الحمد لله أننا عرفنا قدرنا عند هذه الدولة الغدارة قبل فوات الأوان. من الآن فصاعداً سنغير علاقتنا السلمية معها وسآمر شبيبتنا فوراً بإطلاق جحافل البلالين الملونة تعبيراً عن احتجاجنا"".",267
"في إطار سعيه لخدمة المواطنين باحترافية عالية وتجاوز الإجراءات البيروقراطية، قرر مستشفى بشائر الخير الحكومي تحديد مواعيد مراجعة متأخرة للمرضى، للتأكد من استفحال المرض وتفشيه في سائر أعضائهم الداخلية والخارجية وفي أرواحهم أيضاً، بما يخفف عدد الفحوصات اللازمة للكشف عن المرض.

وبحسب مدير المستشفى هاني أبو بعبع فإنّ من شأن خطوة كهذه التخفيف عن المراجعين عبء التعامل مع موظفي المستشفى وعن موظفي المستشفى عبء التعامل مع المراجعين ""يدخل الكثيرون يومياً في دوامة الفحوصات المبدئية والثانوية والمراجعات وشرِّف اليوم وراجعنا غداً وتعال بعد ثلاثة أشهر وأين صورة الأشعة وفحص البول والبراز والدم والأملاح وتخطيط القلب والدفع على شباك رقم ٨ وتقديم الفاتورة على شباك رقم ٦ أو ٤ أو ١، وهذا كله قبل أن تبدأ لعبة تخمين المرض، أما حين يتفشى المرض - السرطان على سبيل المثال - فإن الورم يبرز متكوراً على جانب المريض، فيرتاح ويريحنا من البحث عن بضع خلايا صغيرة صعبة التحري، ونقطع أي شك طبي باليقين المرئي والملموس"". 

وأضاف ""من شأن خطوة كهذه تقليص نسب التشخيص الخاطئ إلى ٠٪ ورفع دقّة وفعالية العلاج الذي نقدمه، وهذا يصب في مصلحة الأطراف كافة؛ لأن خطأ الطبيب في التشخيص يعني ارتكابه خطأ في وصف العلاج، ما يؤدي لموت المريض بسرعة أكبر مما لو أجلّ تشخيصه لحين استفحال مرضه؛ ومن المعروف أن الأخطاء الطبية تستدعي إيقاف الأطباء عن العمل، الأمر الذي قد يخيفهم ويجعلهم يترددون في تقديم أي علاج لأي مريض في المستقبل، عدا عن احتمالية ضرب عائلات المرضى للأطباء المخطئين فيشتكي عليهم الطبيب ليشتكوا عليه بالمقابل ويذهبوا جميعاً إلى السجن، فتحدث جلبة وبلبلة وتتسرب أخبار كاذبة وإشاعات وضيعة تشكل رأياً عاماً عن ترهل القطاع الصحي وتدهوره"". 

وزير الصحة صرح من جانبه أنّ لهذا الإجراء الفائدة الشمولية على الدولة والمجتمع ""فتأجيل إجراء الفحوص لا يعني التخلي عن واجبنا المقدس، بالعكس، إن أول خطوات العلاج هي الانتظار، لأنه لا يظهر الأعراض جلية فحسب بل يكفل - بعد بضعة آلاف من السنين - تفعيل الانتخاب الطبيعي بالمجتمع لخلق أجيال قادرة على محاربة الأمراض ذاتياً بالتوازي مع انقراض الضعفاء من النسيج الوطني"". ",317
